{
    "model_version": "model_v1_20260228_173707",
    "train": {
        "MAE": 0.049038932062164496,
        "RMSE": 0.06510187892424024,
        "R2": 0.8421878186480775
    },
    "validation": {
        "MAE": 0.04373666929700107,
        "RMSE": 0.051957595930756675,
        "R2": 0.8726778511567869
    },
    "test": {
        "MAE": 0.04639337116843742,
        "RMSE": 0.05433963847354453,
        "R2": 0.8591211492997524
    }
}