{
    "model_version": "model_v1_20260228_174142",
    "train": {
        "MAE": 0.021475911089038166,
        "RMSE": 0.02614886387186224,
        "R2": 0.9859639400850171
    },
    "validation": {
        "MAE": 0.10803034083355935,
        "RMSE": 0.17066886412968715,
        "R2": 0.429554151884757
    },
    "test": {
        "MAE": 0.2818386915560944,
        "RMSE": 0.29993884737595017,
        "R2": -10.438738224996452
    }
}